Scheme,NodeCount,ExecutionTime,CW,Result-Throughput,Result-MeanPacketDelay,Result-CollisionProbability
CSMA/CD-Binary,5,20,32,441.5,11524,0.343347958652488
CSMA/CD-Binary,10,20,32,772.75,21775,0.58450950345458
CSMA/CD-Binary,15,20,32,964.1,47046,0.677827903091061
CSMA/CD-Binary,20,20,32,1030.3,88874,0.722404827976399
CSMA/CD-Binary,25,20,32,1053.85,132825,0.746746927152795
